{"cameraMode":{"drawMode":0,"name":"Shaded","section":"Shading Mode"},"sceneLighting":true,"audioPlay":false,"sceneViewState":{"m_AlwaysRefresh":false,"showFog":true,"showSkybox":true,"showFlares":true,"showImageEffects":true,"showParticleSystems":true,"showVisualEffectGraphs":true,"m_FxEnabled":true},"in2DMode":false,"pivot":{"x":-3.8351545333862306,"y":7.269684791564941,"z":35.01155471801758},"rotation":{"x":-0.04077597334980965,"y":-0.033867187798023227,"z":0.0013829409144818783,"w":-0.9985976815223694},"size":0.10430575162172318,"orthographic":false}