{"cameraMode":{"drawMode":0,"name":"Shaded","section":"Shading Mode"},"sceneLighting":true,"audioPlay":false,"sceneViewState":{"m_AlwaysRefresh":false,"showFog":true,"showSkybox":true,"showFlares":true,"showImageEffects":true,"showParticleSystems":true,"showVisualEffectGraphs":true,"m_FxEnabled":true},"in2DMode":false,"pivot":{"x":-1.4723063707351685,"y":6.559260845184326,"z":0.26992180943489077},"rotation":{"x":0.4418342411518097,"y":0.04974210634827614,"z":-0.024546988308429719,"w":0.8953909277915955},"size":14.649385452270508,"orthographic":false}